{"cameraMode":{"drawMode":0,"name":"Shaded","section":"Shading Mode"},"sceneLighting":true,"audioPlay":false,"sceneViewState":{"showFog":true,"showMaterialUpdate":false,"showSkybox":true,"showFlares":true,"showImageEffects":true,"showParticleSystems":true},"in2DMode":false,"pivot":{"x":2.55080509185791,"y":0.2708115577697754,"z":-1.928025245666504},"rotation":{"x":0.04543430730700493,"y":-0.9545676112174988,"z":0.2082633078098297,"w":0.20824532210826875},"size":10.0,"orthographic":false}