{"cameraMode":{"drawMode":0,"name":"Shaded","section":"Shading Mode"},"sceneLighting":true,"audioPlay":false,"sceneViewState":{"showFog":true,"showMaterialUpdate":false,"showSkybox":true,"showFlares":true,"showImageEffects":true,"showParticleSystems":true},"in2DMode":false,"pivot":{"x":-8.714151382446289,"y":-11.752964973449707,"z":-2.8826661109924318},"rotation":{"x":0.27512577176094057,"y":-0.7003405094146729,"z":0.34246826171875,"w":0.5626315474510193},"size":27.52165985107422,"orthographic":false}